air_carrier_id_pk,name,shortcut
19031,Not specified, MAC
19032,Not specified, XY
19033,Not specified, COC
19034,Not specified, GSA
19035,Not specified, RZZ
19036,Not specified, GLW
19037,Not specified, PRN
19038,Not specified, STZ
19039,Not specified, SWT
19040,Not specified, TSF
19041,Not specified, VEZ
19042,Not specified, WEB
19043,Not specified, AAR
19044,Not specified, CHI
19045,Not specified, MRC
19046,Not specified, OHZ
19047,Not specified, PRO
19048,Not specified, SAI
19049,Not specified, SLZ
19050,Not specified, AAZ
19051,Not specified, IMP
19052,Not specified, TWA
19053,Not specified, WRT
19054,Not specified, COL
19055,Not specified, MVA
19056,Not specified, CHL
19057,Not specified, JCZ
19058,Not specified, MIS
19059,Not specified, STG
19060,Not specified, CKI
19061,Not specified, CMD
19062,Not specified, EMA
19063,Not specified, ORI
19064,Not specified, RAN
19065,Not specified, AJ
19066,Not specified, SKI
19067,Not specified, WWI
19068,Not specified, AND
19069,Not specified, ACG
19070,Not specified, AAA
19071,Not specified, AAB (1)
19072,Not specified, AAE
19073,Not specified, AAL
19074,Not specified, ABH
19075,Not specified, ABI
19076,Not specified, ABO
19077,Not specified, ACA
19078,Not specified, ACH
19079,Not specified, ACI
19080,Not specified, ACO
19081,Not specified, ACP
19082,Not specified, ACS
19083,Not specified, ACT
19084,Not specified, ACK
19085,Not specified, AEC
19086,Not specified, AFA
19087,Not specified, AGA
19088,Not specified, AIA
19089,Not specified, AIE
19090,Not specified, AIM
19091,Not specified, AIN
19092,Not specified, ALE
19093,Not specified, ALI
19094,Not specified, ALL
19095,Not specified, AMA
19096,Not specified, AMI
19097,Not specified, ANB
19098,Not specified, ANM
19099,Not specified, ANO
19100,Not specified, ANT
19101,Not specified, AOI
19102,Not specified, API
19103,Not specified, APL
19104,Not specified, APY
19105,Not specified, ARI
19106,Not specified, ARN
19107,Not specified, ARO
19108,Not specified, ARR
19109,Not specified, ASD
19110,Not specified, ASI
19111,Not specified, ASP
19112,Not specified, AST
19113,Not specified, ATN
19114,Not specified, ATO
19115,Not specified, ATS
19116,Not specified, ATT
19117,Not specified, ATX
19118,Not specified, AVA
19119,Not specified, AVI
19120,Not specified, AVS
19121,Not specified, AVZ
19122,Not specified, BAC
19123,Not specified, BAH
19124,Not specified, BAK
19125,Not specified, BAR
19126,Not specified, BCA
19127,Not specified, BEN
19128,Not specified, BEY
19129,Not specified, BHK
19130,Not specified, BHO
19131,Not specified, BIR
19132,Not specified, BMT
19133,Not specified, BOA
19134,Not specified, BRO
19135,Not specified, BUR
19136,Not specified, CAC
19137,Not specified, CAI
19138,Not specified, CAM
19139,Not specified, CAP
19140,Not specified, CAT
19141,Not specified, CAV
19142,Not specified, CBA
19143,Not specified, CEN
19144,Not specified, CET
19145,Not specified, CHD
19146,Not specified, CHE
19147,Not specified, CHF
19148,Not specified, CHO
19149,Not specified, CHS
19150,Not specified, CIS
19151,Not specified, CNN
19152,Not specified, COB
19153,Not specified, COK
19154,Not specified, COM
19155,Not specified, COR
19156,Not specified, COS
19157,Not specified, COT
19158,Not specified, COU
19159,Not specified, CPA
19160,Not specified, CPC
19161,Not specified, CRA
19162,Not specified, CRN
19163,Not specified, CRO
19164,Not specified, CRT
19165,Not specified, CSK
19166,Not specified, CTA
19167,Not specified, CTH
19168,Not specified, CVA
19169,Not specified, DAN
19170,Not specified, DEA
19171,Not specified, DEC
19172,Not specified, DHL
19173,Not specified, DIC
19174,Not specified, DPA
19175,Not specified, DPI
19176,Not specified, DST
19177,Not specified, EAI
19178,Not specified, EAS
19179,Not specified, ECI
19180,Not specified, EDE
19181,Not specified, EFA
19182,Not specified, EGL
19183,Not specified, EHA
19184,Not specified, EIA
19185,Not specified, EKA
19186,Not specified, ERI
19187,Not specified, ERO
19188,Not specified, EVA
19189,Not specified, FAR
19190,Not specified, FBI
19191,Not specified, FCA
19192,Not specified, FDA
19193,Not specified, FDM
19194,Not specified, FLM
19195,Not specified, FOR
19196,Not specified, FOS
19197,Not specified, FVA
19198,Not specified, FWA
19199,Not specified, GAS
19200,Not specified, GAV
19201,Not specified, GBA
19202,Not specified, GCA
19203,Not specified, GCS
19204,Not specified, GHA
19205,Not specified, GMA
19206,Not specified, GOF
19207,Not specified, GRO
19208,Not specified, GSL
19209,Not specified, GUL
19210,Not specified, GUN
19211,Not specified, GWE
19212,Not specified, HEU
19213,Not specified, HFS
19214,Not specified, HMZ
19215,Not specified, HOL
19216,Not specified, HOR
19217,Not specified, HPZ
19218,Not specified, HRA
19219,Not specified, HSZ
19220,Not specified, HUB
19221,Not specified, HWK
19222,Not specified, HYA
19223,Not specified, ICF
19224,Not specified, III
19225,Not specified, INA
19226,Not specified, IND
19227,Not specified, IPI
19228,Not specified, ISL
19229,Not specified, JAM
19230,Not specified, JCM
19231,Not specified, JER
19232,Not specified, KAI
19233,Not specified, KEE
19234,Not specified, KWZ
19235,Not specified, KXZ
19236,Not specified, LAN
19237,Not specified, LAW
19238,Not specified, LHA
19239,Not specified, LLA
19240,Not specified, LOS
19241,Not specified, LVA
19242,Not specified, MAG
19243,Not specified, MAI
19244,Not specified, MAR
19245,Not specified, MAX
19246,Not specified, MCO
19247,Not specified, MDU
19248,Not specified, MET
19249,Not specified, MIY
19250,Not specified, MLL
19251,Not specified, MMH
19252,Not specified, MNZ
19253,Not specified, MRR
19254,Not specified, MST
19255,Not specified, MTA
19256,Not specified, MTR
19257,Not specified, NAC
19258,Not specified, NEB
19259,Not specified, NEC
19260,Not specified, NEV
19261,Not specified, NGL
19262,Not specified, NHA
19263,Not specified, NJA
19264,Not specified, NPT
19265,Not specified, NTH
19266,Not specified, NUM
19267,Not specified, NYH
19268,Not specified, OAK
19269,Not specified, OCR
19270,Not specified, OFF
19271,Not specified, OHA
19272,Not specified, OIZ
19273,Not specified, OMK
19274,Not specified, OMN
19275,Not specified, OOZ
19276,Not specified, OWS
19277,Not specified, PAI
19278,Not specified, PBA
19279,Not specified, PCA
19280,Not specified, PDA
19281,Not specified, PEA
19282,Not specified, PER
19283,Not specified, PET
19284,Not specified, PHL
19285,Not specified, PHX
19286,Not specified, PIA
19287,Not specified, PLA
19288,Not specified, PLZ
19289,Not specified, PMA
19290,Not specified, PNR
19291,Not specified, POC
19292,Not specified, POM
19293,Not specified, PON
19294,Not specified, PRA
19295,Not specified, PRR
19296,Not specified, PVA
19297,Not specified, QOZ
19298,Not specified, RAL
19299,Not specified, REA
19300,Not specified, RED
19301,Not specified, RHA
19302,Not specified, RIC
19303,Not specified, RID
19304,Not specified, RIO
19305,Not specified, RIV
19306,Not specified, RJS
19307,Not specified, ROE
19308,Not specified, ROY
19309,Not specified, RWG
19310,Not specified, SAJ
19311,Not specified, SAM
19312,Not specified, SAS
19313,Not specified, SAX
19314,Not specified, SBA
19315,Not specified, SBN
19316,Not specified, SCO
19317,Not specified, SCT
19318,Not specified, SCY
19319,Not specified, SEM
19320,Not specified, SFI
19321,Not specified, SFO
19322,Not specified, SFS
19323,Not specified, SHS
19324,Not specified, SHV
19325,Not specified, SIA
19326,Not specified, SJA
19327,Not specified, SKL
19328,Not specified, SKM
19329,Not specified, SMC
19330,Not specified, SNC
19331,Not specified, SNE
19332,Not specified, SOA
19333,Not specified, SOL
19334,Not specified, SPF
19335,Not specified, SRL
19336,Not specified, SSP
19337,Not specified, SSS
19338,Not specified, SST
19339,Not specified, STF
19340,Not specified, STR
19341,Not specified, SUI
19342,Not specified, SUT
19343,Not specified, SVL
19344,Not specified, SWA
19345,Not specified, TAC
19346,Not specified, TAL
19347,Not specified, TAS
19348,Not specified, TCA
19349,Not specified, TCE
19350,Not specified, TCI
19351,Not specified, TCL
19352,Not specified, TCO
19353,Not specified, TEN
19354,Not specified, TER
19355,Not specified, THO
19356,Not specified, TIA
19357,Not specified, TIS
19358,Not specified, TMA
19359,Not specified, TNS
19360,Not specified, TRP
19361,Not specified, TSI
19362,Not specified, TUL
19363,Not specified, TYE
19364,Not specified, UAI
19365,Not specified, USA
19366,Not specified, VAG
19367,Not specified, VER
19368,Not specified, VIG
19369,Not specified, VIN
19370,Not specified, VLY
19371,Not specified, WAC
19372,Not specified, WCA
19373,Not specified, WCI
19374,Not specified, WES
19375,Not specified, WET
19376,Not specified, WFS
19377,Not specified, WIA
19378,Not specified, WIL
19379,Not specified, WNG
19380,Not specified, ZFZ
19381,Not specified, ZIA
19382,Not specified, ZMZ
19383,Not specified, ZYZ
19384,Not specified, PSA
19385,Not specified, RV (1)
19386,Not specified, NW
19387,Not specified, WC
19388,Not specified, FTI
19389,Not specified, QH
19390,Not specified, OC
19391,Not specified, PS (1)
19392,Not specified, RIQ
19393,Not specified, WN
19394,Not specified, VL
19395,Not specified, RCA
19396,Not specified, QG
19397,Not specified, RC
19398,Not specified, DAU
19399,Not specified, NY
19400,Not specified, GIQ
19401,Not specified, CJ
19402,Not specified, UNQ
19403,Not specified, PTQ
19404,Not specified, ACD
19405,Not specified, ACL
19406,Not specified, ACW
19407,Not specified, AIG
19408,Not specified, AMT
19409,Not specified, BOI
19410,Not specified, CMB
19411,Not specified, DUZ
19412,Not specified, EEZ
19413,Not specified, FAA
19414,Not specified, FAC
19415,Not specified, PHR
19416,Not specified, ROS
19417,Not specified, RRT
19418,Not specified, SSA
19419,Not specified, XAA
19420,Not specified, XAC
19421,Not specified, XAJ
19422,Not specified, XAT
19423,Not specified, XBF
19424,Not specified, XBH
19425,Not specified, XBI
19426,Not specified, XBJ
19427,Not specified, XBQ
19428,Not specified, XBR
19429,Not specified, XAQ
19430,Not specified, XAZ
19431,Not specified, XBP
19432,Not specified, XBT
19433,Not specified, XBX
19434,Not specified, XAM
19435,Not specified, XAE
19436,Not specified, XAF
19437,Not specified, XAG
19438,Not specified, XAI
19439,Not specified, XAK
19440,Not specified, XAO
19441,Not specified, XAR
19442,Not specified, XAS
19443,Not specified, XAY
19444,Not specified, XBM
19445,Not specified, XAU
19446,Not specified, CGL
19447,Not specified, CL
19448,Not specified, AEQ
19449,Not specified, AGQ
19450,Not specified, AIQ
19451,Not specified, ALQ
19452,Not specified, AO
19453,Not specified, BLQ
19454,Not specified, BXQ
19455,Not specified, DA
19456,Not specified, DM
19457,Not specified, DOQ
19458,Not specified, DQQ
19459,Not specified, EBQ
19460,Not specified, ERQ
19461,Not specified, FAQ
19462,Not specified, HIQ
19463,Not specified, HRQ
19464,Not specified, HVQ
19465,Not specified, ICQ
19466,Not specified, IKQ
19467,Not specified, IN
19468,Not specified, IR
19469,Not specified, IXQ
19470,Not specified, JXQ
19471,Not specified, KKQ
19472,Not specified, KWQ
19473,Not specified, LIQ
19474,Not specified, MAQ
19475,Not specified, MGQ
19476,Not specified, MZ
19477,Not specified, NFQ
19478,Not specified, NKQ
19479,Not specified, NN
19480,Not specified, NSQ
19481,Not specified, NTQ
19482,Not specified, NUQ
19483,Not specified, ONQ
19484,Not specified, OWQ
19485,Not specified, PD (1)
19486,Not specified, PV
19487,Not specified, PW
19488,Not specified, QB
19489,Not specified, RB
19490,Not specified, RSQ
19491,Not specified, RY
19492,Not specified, SJQ
19493,Not specified, SSQ
19494,Not specified, ST
19495,Not specified, STQ
19496,Not specified, TLQ
19497,Not specified, TXQ
19498,Not specified, UMQ
19499,Not specified, VOQ
19500,Not specified, WDQ
19501,Not specified, WGQ
19502,Not specified, WM
19503,Not specified, XBV
19504,Not specified, YBQ
19505,Not specified, AE
19506,Not specified, ND
19507,Not specified, JU (1)
19508,Not specified, UT
19509,Not specified, HJ
19510,Not specified, SH
19511,Not specified, NBQ
19512,Not specified, SZQ
19513,Not specified, BOQ
19514,Not specified, ADQ
19515,Not specified, DO
19516,Not specified, WT
19517,Not specified, PZ
19518,Not specified, GE
19519,Not specified, VA (1)
19520,Not specified, ED
19521,Not specified, CF
19522,Not specified, GU
19523,Not specified, CP (1)
19524,Not specified, GY
19525,Not specified, ESQ
19526,Not specified, ON
19527,Not specified, PL
19528,Not specified, BBQ
19529,Not specified, SN (1)
19530,Not specified, RK
19531,Not specified, AC
19532,Not specified, AF
19533,Not specified, AI
19534,Not specified, AM
19535,Not specified, AR
19536,Not specified, AT
19537,Not specified, AV
19538,Not specified, AY
19539,Not specified, AZ
19540,Not specified, BA
19541,Not specified, BD
19542,Not specified, BW
19543,Not specified, CA
19544,Not specified, CI
19545,Not specified, CV
19546,Not specified, FI
19547,Not specified, IB
19548,Not specified, JL
19549,Not specified, JM
19550,Not specified, KE
19551,Not specified, KL
19552,Not specified, LA
19553,Not specified, LB
19554,Not specified, LH
19555,Not specified, LO
19556,Not specified, LR
19557,Not specified, LT
19558,Not specified, LY
19559,Not specified, MX
19560,Not specified, NWQ
19561,Not specified, OA
19562,Not specified, PH
19563,Not specified, PK
19564,Not specified, PR
19565,Not specified, PY
19566,Not specified, QF
19567,Not specified, RG
19568,Not specified, RJ
19569,Not specified, RO
19570,Not specified, SA
19571,Not specified, SK
19572,Not specified, SQ
19573,Not specified, SU
19574,Not specified, TA
19575,Not specified, TG
19576,Not specified, TP
19577,Not specified, UP
19578,Not specified, MC
19579,Not specified, HLQ
19580,Not specified, UC
19581,Not specified, ALT
19582,Not specified, ANC
19583,Not specified, BAA
19584,Not specified, DIR
19585,Not specified, SKT
19586,Not specified, TGO
19587,Not specified, THQ
19588,Not specified, ROA
19589,Not specified, AED
19590,Not specified, ALX
19591,Not specified, AOR
19592,Not specified, AVR
19593,Not specified, DOL
19594,Not specified, DVO
19595,Not specified, KIN
19596,Not specified, NFA
19597,Not specified, SLO
19598,Not specified, STA
19599,Not specified, TRO
19600,Not specified, WIR
19601,Not specified, WSU
19602,Not specified, HX (1)
19603,Not specified, VB (1)
19604,Not specified, QS (1)
19605,Not specified, HAR
19606,Not specified, MIN
19607,Not specified, VIS
19608,Not specified, FT
19609,Not specified, OD (1)
19610,Not specified, OD
19611,Not specified, NRN
19612,Not specified, 6P
19613,Not specified, TJ
19614,Not specified, EOQ
19615,Not specified, RAQ
19616,Not specified, KU
19617,Not specified, BAY
19618,Not specified, DSA
19619,Not specified, LAS
19620,Not specified, QTQ
19621,Not specified, AFQ
19622,Not specified, GX
19623,Not specified, EI
19624,Not specified, SV
19625,Not specified, XAB
19626,Not specified, XBZ
19627,Not specified, CIQ
19628,Not specified, ANI
19629,Not specified, ARA
19630,Not specified, MUA
19631,Not specified, PCL
19632,Not specified, SER
19633,Not specified, TTM
19634,Not specified, CMQ
19635,Not specified, HAQ
19636,Not specified, CB
19637,Not specified, ME
19638,Not specified, AFS
19639,Not specified, GRD
19640,Not specified, KOD
19641,Not specified, MAE
19642,Not specified, NCA
19643,Not specified, SAC
19644,Not specified, WAR
19645,Not specified, EP
19646,Not specified, AXQ
19647,Not specified, JIQ
19648,Not specified, HER
19649,Not specified, LSZ
19650,Not specified, AAT
19651,Not specified, EAT
19652,Not specified, SPH
19653,Not specified, AHQ
19654,Not specified, EXC (1)
19655,Not specified, SNA
19656,Not specified, ARM
19657,Not specified, PAT
19658,Not specified, TKQ
19659,Not specified, AAI
19660,Not specified, GAQ
19661,Not specified, IDQ
19662,Not specified, TR (1)
19663,Not specified, XCA
19664,Not specified, XBC
19665,Not specified, ARS
19666,Not specified, CRE
19667,Not specified, TFZ
19668,Not specified, FH
19669,Not specified, AWQ
19670,Not specified, BF
19671,Not specified, VK
19672,Not specified, RES
19673,Not specified, AAV
19674,Not specified, AME
19675,Not specified, ARP
19676,Not specified, SKS
19677,Not specified, BFQ
19678,Not specified, AQ
19679,Not specified, APS
19680,Not specified, EME
19681,Not specified, FRT
19682,Not specified, VS
19683,Not specified, MKQ
19684,Not specified, INQ
19685,Not specified, TPQ
19686,Not specified, WFT
19687,Not specified, QX
19688,Not specified, 2M
19689,Not specified, SDQ
19690,Not specified, HA
19691,Not specified, XDA
19692,Not specified, RIA
19693,Not specified, NPA
19694,Not specified, FLR
19695,Not specified, TAT
19696,Not specified, RAY
19697,Not specified, WWQ
19698,Not specified, AQQ
19699,Not specified, MB
19700,Not specified, APH
19701,Not specified, JTA
19702,Not specified, KB
19703,Not specified, HSV
19704,Not specified, CO
19705,Not specified, IRQ
19706,Not specified, CLD
19707,Not specified, EA
19708,Not specified, CSM
19709,Not specified, AMR
19710,Not specified, AAP
19711,Not specified, EGA
19712,Not specified, BEA
19713,Not specified, ACN
19714,Not specified, ASR
19715,Not specified, BAT
19716,Not specified, BRK
19717,Not specified, CMR
19718,Not specified, CRH
19719,Not specified, CTL
19720,Not specified, EEX
19721,Not specified, LAA
19722,Not specified, NAT
19723,Not specified, OMI
19724,Not specified, SEP
19725,Not specified, TUR
19726,Not specified, WSK
19727,Not specified, FW
19728,Not specified, CUQ
19729,Not specified, BDE
19730,Not specified, 4R
19731,Not specified, WTA
19732,Not specified, AON
19733,Not specified, CAF
19734,Not specified, ENT
19735,Not specified, IEX
19736,Not specified, MAA
19737,Not specified, MEX
19738,Not specified, OTT
19739,Not specified, PRM
19740,Not specified, SAL
19741,Not specified, WGL
19742,Not specified, ZY
19743,Not specified, PKQ
19744,Not specified, XV
19745,Not specified, DC
19746,Not specified, GA
19747,Not specified, MS
19748,Not specified, BYA
19749,Not specified, FFQ
19750,Not specified, KFS
19751,Not specified, LEQ
19752,Not specified, BRW
19753,Not specified, BIA
19754,Not specified, CCA
19755,Not specified, GPA
19756,Not specified, IOW
19757,Not specified, MWA
19758,Not specified, RSC
19759,Not specified, TXA
19760,Not specified, AHC
19761,Not specified, XK
19762,Not specified, ALS
19763,Not specified, AEO
19764,Not specified, ALK
19765,Not specified, BFG
19766,Not specified, HEL
19767,Not specified, LAH
19768,Not specified, OMH
19769,Not specified, RVA
19770,Not specified, CM
19771,Not specified, ZAQ
19772,Not specified, POL
19773,Not specified, XDC
19774,Not specified, AIT
19775,Not specified, CGA
19776,Not specified, YM
19777,Not specified, XYZ
19778,Not specified, VE
19779,Not specified, CX
19780,Not specified, GAL
19781,Not specified, STW
19782,Not specified, EXR
19783,Not specified, PRP
19784,Not specified, WAI
19786,Not specified, HNS
19787,Not specified, FDQ
19788,Not specified, FD
19789,Not specified, VP
19790,Not specified, DL
19791,Not specified, NH
19792,Not specified, XDD
19793,Not specified, AZQ
19794,Not specified, MDC
19795,Not specified, MH
19796,Not specified, PMT
19797,Not specified, ZO
19798,Not specified, OPQ
19799,Not specified, NAQ
19800,Not specified, APE
19801,Not specified, LCT
19802,Not specified, MTV
19803,Not specified, 7F
19804,Not specified, VR
19805,Not specified, AA
19806,Not specified, WAQ
19807,Not specified, HET
19808,Not specified, BM
19809,Not specified, VY
19810,Not specified, MPA
19811,Not specified, ATQ
19812,Not specified, LBQ
19813,Not specified, ARB
19814,Not specified, ASU
19815,Not specified, ASH
19816,Not specified, BAN
19817,Not specified, CCO
19818,Not specified, ECR
19819,Not specified, HEP
19820,Not specified, THA
19821,Not specified, TK
19822,Not specified, PI
19823,Not specified, XDE
19824,Not specified, HFQ
19825,Not specified, KET
19826,Not specified, XDF
19827,Not specified, NAP
19828,Not specified, GM
19829,Not specified, KI
19830,Not specified, KZ
19831,Not specified, SEG
19832,Not specified, NAS
19833,Not specified, ALU
19834,Not specified, CUS
19835,Not specified, GSC
19836,Not specified, GST
19837,Not specified, SPG
19838,Not specified, SPR
19839,Not specified, EH
19840,Not specified, MUQ
19841,Not specified, GG (1)
19842,Not specified, GG (2)
19843,Not specified, MPC
19844,Not specified, EET
19845,Not specified, TAQ
19846,Not specified, CTR
19847,Not specified, LAR
19848,Not specified, QWE
19849,Not specified, TAF
19850,Not specified, WRA
19851,Not specified, Q2
19852,Not specified, SR
19853,Not specified, ARD
19854,Not specified, PCR
19855,Not specified, BCQ
19856,Not specified, CYQ
19857,Not specified, IA
19858,Not specified, ZB
19859,Not specified, VAQ
19860,Not specified, LUQ
19861,Not specified, HOQ
19862,Not specified, AOQ
19863,Not specified, APQ
19864,Not specified, TV (1)
19865,Not specified, TV
19866,Not specified, CWQ
19867,Not specified, JD (1)
19868,Not specified, MEA
19869,Not specified, BY
19870,Not specified, AEF
19871,Not specified, PNM
19872,Not specified, WLH
19873,Not specified, OS
19874,Not specified, 8C
19875,Not specified, JR
19876,Not specified, HRG
19877,Not specified, XDH
19878,Not specified, EXA
19879,Not specified, CLB
19880,Not specified, CSL
19881,Not specified, MHK
19882,Not specified, SYM
19883,Not specified, NVQ
19884,Not specified, TSQ
19885,Not specified, UTQ
19886,Not specified, IPQ
19887,Not specified, LCQ
19888,Not specified, TDQ (1)
19889,Not specified, TDQ
19890,Not specified, EJQ
19891,Not specified, PUQ
19892,Not specified, ACQ
19893,Not specified, ARQ
19894,Not specified, ZUQ
19895,Not specified, ITQ
19896,Not specified, UD
19897,Not specified, MYQ
19898,Not specified, TNQ
19899,Not specified, KA
19900,Not specified, CW
19901,Not specified, BUQ (1)
19902,Not specified, BUQ
19903,Not specified, CQI
19904,Not specified, ATH
19905,Not specified, CLF
19906,Not specified, NCE
19907,Not specified, SCN
19908,Not specified, TXE
19909,Not specified, BEQ
19910,Not specified, LNQ
19911,Not specified, FQ
19912,Not specified, KX
19913,Not specified, 4H
19914,Not specified, LRQ
19915,Not specified, SAH
19916,Not specified, PU
19917,Not specified, 5X
19918,Not specified, GAT
19919,Not specified, ADR
19920,Not specified, CRP
19921,Not specified, DIA
19922,Not specified, GFC
19923,Not specified, LAP
19924,Not specified, LEX
19925,Not specified, TVL
19926,Not specified, VAS
19927,Not specified, ASQ
19928,Not specified, GW (1)
19929,Not specified, CHT
19930,Not specified, AS
19931,Not specified, 2R
19932,Not specified, 7P
19933,Not specified, NZ
19934,Not specified, SE (1)
19935,Not specified, SRA
19936,Not specified, TRR
19937,Not specified, LKN
19938,Not specified, DWN
19939,Not specified, FYB
19940,Not specified, CVQ
19941,Not specified, EFQ
19942,Not specified, GCQ (1)
19943,Not specified, ALD
19944,Not specified, AVG
19945,Not specified, CGO
19946,Not specified, GWA
19947,Not specified, PRD
19948,Not specified, RDW
19949,Not specified, NG
19950,Not specified, 9R
19951,Not specified, BE
19952,Not specified, KW
19953,Not specified, QT
19954,Not specified, JZ
19955,Not specified, ZL
19956,Not specified, VC
19957,Not specified, MU (1)
19958,Not specified, MU
19959,Not specified, DUL
19960,Not specified, SYB
19961,Not specified, TS
19962,Not specified, XAH
19963,Not specified, WL (1)
19964,Not specified, IPS
19965,Not specified, RMH
19966,Not specified, SNV
19967,Not specified, TWE
19968,Not specified, AZP
19969,Not specified, XPQ
19970,Not specified, NER
19971,Not specified, NEX
19972,Not specified, HCQ
19973,Not specified, RTQ
19974,Not specified, ROQ
19975,Not specified, URQ
19976,Not specified, 4N
19977,Not specified, UA
19978,Not specified, AHA
19979,Not specified, AIY
19980,Not specified, FLA
19981,Not specified, PAQ
19982,Not specified, TB (1)
19983,Not specified, ZN
19984,Not specified, FB
19985,Not specified, KTQ
19986,Not specified, BHQ
19987,Not specified, ADV
19988,Not specified, AWA
19989,Not specified, KEA
19990,Not specified, SOE
19991,Not specified, HP (Merged with US Airways 9/05.Stopped reporting 10/07.)
19992,Not specified, ZS
19993,Not specified, AKQ
19994,Not specified, QQ
19995,Not specified, VX (1)
19996,Not specified, 6Y
19997,Not specified, SI (1)
19998,Not specified, SI
19999,Not specified, SOP
20000,Not specified, HK
20001,Not specified, TGQ
20002,Not specified, KN
20003,Not specified, LZ
20004,Not specified, BR (1)
20005,Not specified, BR
20006,Not specified, CPQ
20007,Not specified, 5Y
20008,Not specified, RMV
20009,Not specified, ECL
20010,Not specified, CLQ
20011,Not specified, ASN
20012,Not specified, EXP
20013,Not specified, RDR
20014,Not specified, ECQ
20015,Not specified, EXQ
20016,Not specified, LGQ
20017,Not specified, CS
20018,Not specified, V5
20019,Not specified, 5J (1)
20020,Not specified, V9
20021,Not specified, ECA
20022,Not specified, LZQ
20023,Not specified, MA
20024,Not specified, SMQ
20025,Not specified, LSQ
20026,Not specified, OMQ
20027,Not specified, OB
20028,Not specified, G3 (1)
20029,Not specified, GD
20030,Not specified, UYQ
20031,Not specified, PE (1)
20032,Not specified, PE
20033,Not specified, U2
20034,Not specified, PIQ
20035,Not specified, AFE
20036,Not specified, AFG
20037,Not specified, AVL
20038,Not specified, BUH
20039,Not specified, FRS
20040,Not specified, SKJ
20041,Not specified, SLR
20042,Not specified, SAQ
20043,Not specified, 6U
20044,Not specified, 7M
20045,Not specified, BG
20046,Not specified, ZW
20047,Not specified, CRB
20048,Not specified, GRA
20049,Not specified, WA (1)
20050,Not specified, WA
20051,Not specified, E8
20052,Not specified, SBQ
20053,Not specified, 8L
20054,Not specified, GF (1)
20055,Not specified, GF
20056,Not specified, PDQ
20057,Not specified, EZ
20058,Not specified, FJ (1)
20059,Not specified, FJ
20060,Not specified, WV (1)
20061,Not specified, ASC
20062,Not specified, ICH
20063,Not specified, PFA
20064,Not specified, GH
20065,Not specified, SEQ
20066,Not specified, AAQ
20067,Not specified, MHO
20068,Not specified, CPT
20069,Not specified, DXA
20070,Not specified, QD
20071,Not specified, 8J
20072,Not specified, SIQ (1)
20073,Not specified, SIQ
20074,Not specified, REQ
20075,Not specified, BQ
20076,Not specified, TXY
20077,Not specified, WD
20078,Not specified, W7
20079,Not specified, BTQ
20080,Not specified, HY
20081,Not specified, DFS
20082,Not specified, PNS
20083,Not specified, SUA
20084,Not specified, APN
20085,Not specified, QO
20086,Not specified, T3
20087,Not specified, SXP
20088,Not specified, FF
20089,Not specified, FS
20090,Not specified, QN
20091,Not specified, 7B
20092,Not specified, MLX
20093,Not specified, CTQ
20094,Not specified, LF (1)
20095,Not specified, WO
20096,Not specified, GJ (1)
20097,Not specified, OI
20098,Not specified, EGJ
20099,Not specified, 6F
20100,Not specified, PO
20101,Not specified, SFQ (1)
20102,Not specified, SFQ
20103,Not specified, NEQ
20104,Not specified, UN
20105,Not specified, EU
20106,Not specified, SM
20107,Not specified, FX
20108,Not specified, NC
20109,Not specified, TRQ
20110,Not specified, ADB
20111,Not specified, DHQ
20112,Not specified, MAV
20113,Not specified, GDW
20114,Not specified, XC
20115,Not specified, AIC
20116,Not specified, 2T
20117,Not specified, Q7 (1)
20118,Not specified, UX (1)
20119,Not specified, UX
20120,Not specified, DE
20121,Not specified, LU
20122,Not specified, MTX
20123,Not specified, SX (1)
20124,Not specified, H2
20125,Not specified, PNQ
20126,Not specified, GKQ
20127,Not specified, 7Z
20128,Not specified, MT (1)
20129,Not specified, 1I
20130,Not specified, MNA
20131,Not specified, JMA
20132,Not specified, CZ (1)
20133,Not specified, CZ
20134,Not specified, JAQ
20135,Not specified, NET
20136,Not specified, H5
20137,Not specified, JK (1)
20138,Not specified, JK
20139,Not specified, CC (1)
20140,Not specified, CC
20141,Not specified, AUX
20142,Not specified, 8N
20143,Not specified, KP
20144,Not specified, TX (1)
20145,Not specified, TX
20146,Not specified, SPQ
20147,Not specified, T9
20148,Not specified, MP
20149,Not specified, PRQ
20150,Not specified, HQQ
20151,Not specified, M6
20152,Not specified, 6A
20153,Not specified, ET
20154,Not specified, BGQ
20155,Not specified, VH (1)
20156,Not specified, M3
20157,Not specified, SO
20158,Not specified, AVC
20159,Not specified, XPA
20160,Not specified, BN (1)
20161,Not specified, BN
20162,Not specified, TN
20163,Not specified, LXQ (1)
20164,Not specified, ZA
20165,Not specified, 5G (1)
20166,Not specified, GFQ
20167,Not specified, JJ
20168,Not specified, W9
20169,Not specified, L2
20170,Not specified, XJ
20171,Not specified, NI (1)
20172,Not specified, NI
20173,Not specified, CDQ
20174,Not specified, AIK
20175,Not specified, LG
20176,Not specified, N7
20177,Not specified, PFQ
20178,Not specified, LOQ
20179,Not specified, 6B
20181,Not specified, TIE
20182,Not specified, MJ
20183,Not specified, OK
20184,Not specified, NOQ
20185,Not specified, JO
20186,Not specified, NB
20187,Not specified, LP (1)
20188,Not specified, LP
20189,Not specified, N6
20190,Not specified, 9S
20191,Not specified, FNQ
20192,Not specified, NJ
20193,Not specified, GR
20194,Not specified, JW
20195,Not specified, WI
20196,Not specified, KM
20197,Not specified, CSN
20198,Not specified, CSA
20199,Not specified, FRW
20200,Not specified, 5C
20201,Not specified, AMQ
20202,Not specified, C8 (1)
20203,Not specified, FCQ
20204,Not specified, MG
20205,Not specified, OV
20206,Not specified, QK
20207,Not specified, XP
20208,Not specified, TQQ
20209,Not specified, NQ
20210,Not specified, PBQ
20211,Not specified, TW
20212,Not specified, SUX
20213,Not specified, POQ
20214,Not specified, AD (1)
20215,Not specified, IW (1)
20216,Not specified, IW
20217,Not specified, AEX
20218,Not specified, JKQ
20219,Not specified, VLA
20220,Not specified, A7 (1)
20221,Not specified, A7
20222,Not specified, E7
20223,Not specified, FSA
20224,Not specified, KAT
20225,Not specified, KS
20226,Not specified, SNK
20227,Not specified, V4
20228,Not specified, WS (1)
20229,Not specified, WS
20230,Not specified, ZE (1)
20231,Not specified, K8
20232,Not specified, A2
20233,Not specified, LX
20234,Not specified, 8R
20235,Not specified, 4S (1)
20236,Not specified, 4S
20237,Not specified, AX
20238,Not specified, A4
20239,Not specified, CEQ
20240,Not specified, SNB
20241,Not specified, ASW
20242,Not specified, NXQ
20243,Not specified, J7
20244,Not specified, POA
20245,Not specified, TRI
20246,Not specified, ACJ
20247,Not specified, EWA
20248,Not specified, 8F
20249,Not specified, NVX
20250,Not specified, 5D
20251,Not specified, OE
20252,Not specified, 9J
20253,Not specified, 9K
20254,Not specified, 9L
20255,Not specified, 9M
20256,Not specified, ARZ
20257,Not specified, CH
20258,Not specified, GQ
20259,Not specified, E72
20260,Not specified, WLQ
20261,Not specified, ELL
20262,Not specified, UR
20263,Not specified, EM
20264,Not specified, EMP
20265,Not specified, F8
20266,Not specified, GBQ
20267,Not specified, GCH
20268,Not specified, GSQ
20269,Not specified, HRZ
20270,Not specified, JB
20271,Not specified, WNQ
20272,Not specified, KAH
20273,Not specified, NEW
20274,Not specified, NWS
20275,Not specified, OZ (1)
20276,Not specified, OZA
20277,Not specified, OZ
20278,Not specified, RNQ
20279,Not specified, RSV
20280,Seaborne Virgin Islands, SEB
20281,Not specified, S6 (1)
20282,Not specified, SMO
20283,Not specified, YB
20284,Not specified, TCQ
20285,Not specified, WRD
20286,Not specified, VQ
20287,Not specified, WP
20288,Not specified, TFQ
20289,Not specified, WST
20290,Not specified, ZP
20291,Not specified, ZV
20292,Not specified, ZX (1)
20293,Not specified, ZX
20294,Not specified, SG
20295,Not specified, ML (1)
20296,Not specified, ML
20297,Not specified, JI (1)
20298,Not specified, JX (1)
20299,Not specified, JX
20300,Not specified, LW
20301,Not specified, KR (1)
20302,Not specified, KR
20303,Not specified, NLQ
20304,Not specified, OO
20305,Not specified, PCQ
20306,Not specified, VV (1)
20307,Not specified, VV (2)
20308,Not specified, WE
20309,Not specified, VV
20310,Caribbean Sun Airlines, WL
20311,Not specified, JCQ
20312,Not specified, TZ
20313,Not specified, W8
20314,Midwest Airline, YX (1)
20315,Not specified, 7G (1)
20316,Not specified, 5B
20317,Not specified, 7G
20318,Not specified, 4B (1)
20319,Not specified, 2E
20320,Not specified, 2F
20321,Not specified, 4E
20322,Bidzy Ta Hot Aana, Z3
20323,Not specified, 4W
20324,Not specified, 4Y
20325,Not specified, 5F
20326,Not specified, 6C
20327,Not specified, 7H
20328,Not specified, 7N
20329,Not specified, 7S (1)
20330,Not specified, 7S
20331,Not specified, 8E
20332,Not specified, 8Q
20333,Not specified, 8V
20334,Not specified, MT
20335,Not specified, E9 (1)
20336,Not specified, H6
20337,Not specified, J5
20338,Not specified, J6
20339,Not specified, JF
20340,Seaport Airlines, K5
20341,Not specified, KO
20342,Not specified, Q5
20343,Not specified, RD (1)
20344,Not specified, RD
20345,Not specified, RGQ
20346,Not specified, V8
20347,Not specified, P9
20348,Not specified, XL
20349,Not specified, Z3 (1)
20350,Not specified, 4M (1)
20351,Not specified, FE
20352,Not specified, WAW
20353,Dynamic Aviation, 8D
20354,Not specified, AJQ
20355,Not specified, US (Merged with America West 9/05. Reporting for both starting 10/07.)
20356,Not specified, AL
20357,Astar USA, ER
20358,Not specified, ZK
20359,Not specified, TBQ
20360,Not specified, S4
20361,Not specified, 2U
20362,Not specified, CK
20363,Not specified, 9E
20364,Not specified, C6
20365,Not specified, CZQ
20366,Not specified, EV
20367,Not specified, FRA
20368,Not specified, G4
20370,Not specified, KAQ
20371,Not specified, RLQ
20372,Not specified, KLQ
20373,Not specified, PPQ
20374,Not specified, XE
20375,Not specified, TZQ
20376,Mn Aviation, W4
20377,Not specified, X9
20378,Not specified, YV
20379,Not specified, ZKQ
20380,Not specified, PEQ
20381,Not specified, EUQ
20382,Not specified, VCQ
20383,Not specified, K3
20384,Not specified, PA (1)
20385,Not specified, OP (1)
20386,Not specified, PA (2)
20387,Not specified, PN
20388,Not specified, OP
20389,Not specified, PA
20390,Not specified, 4T
20391,Not specified, 6H
20392,Not specified, EK
20393,Not specified, HQ (1)
20394,Not specified, HQ
20395,Not specified, MM (1)
20396,Not specified, MM
20397,Not specified, OH
20398,Not specified, MQ
20399,Not specified, PLQ
20400,Not specified, PT (1)
20401,Not specified, 3M
20402,Not specified, GL
20403,Not specified, DH (1)
20404,Not specified, DH
20405,Not specified, N8
20406,Not specified, BNQ
20407,Regions Air, 3C
20408,Not specified, 5V
20409,Not specified, B6
20410,Not specified, CSQ
20411,Not specified, K7
20412,Not specified, N5 (1)
20413,Not specified, N5
20414,Not specified, OW
20415,Not specified, NA
20416,Not specified, NK
20417,Not specified, OH (1)
20418,Not specified, RP
20419,Not specified, RL (1)
20420,Not specified, RL
20421,Not specified, SLQ
20422,Not specified, SY
20423,Not specified, U5
20424,Grand Canyon Airlines, YR
20425,Not specified, VIQ (1)
20426,Not specified, VI
20427,Not specified, PT
20428,Not specified, VIQ
20429,Not specified, AVQ
20430,Not specified, AYQ
20431,Not specified, BAQ
20432,Not specified, BDQ
20433,Not specified, BIQ
20434,Not specified, BJQ
20435,Not specified, FL (1)
20436,Not specified, F9
20437,Not specified, FL
20438,Not specified, HB (1)
20439,Not specified, HB
20440,Not specified, LC (1)
20441,Not specified, LC (2)
20442,Not specified, LC
20443,Not specified, 2O
20444,Not specified, JN
20445,Commutair Aka Champlain Enterprises, C5
20446,Not specified, M7
20447,Not specified, U7
20448,Not specified, S5
20449,Not specified, WEQ
20450,Not specified, F2
20451,Not specified, TH
20452,Not specified, YX
20453,Not specified, ABX
20454,EOS Airlines, E0
20455,Not specified, GV
20456,Not specified, GS
20500,Not specified, G7
20501,Not specified, MOQ
20502,Not specified, MY
21007,Abaco Air, BZQ
21008,Not specified, CAQ
21022,PM Air, Z3Q
21029,Not specified, HBQ
21035,Not specified, TIQ
21036,Executive Airlines, EAQ
21040,Not specified, 02Q
21059,Not specified, OR
21061,Not specified, 6R
21069,Cargo 360, GG
21070,Not specified, Y2
21074,Not specified, WAP
21080,Not specified, 04Q
21084,Not specified, 4M
21089,Not specified, UH
21094,Comlux Aviation, 05Q
21099,NetJets Transportes Aereos, NJE
21107,Not specified, EY
21111,Pacific Airways, 3F
21116,Not specified, Y7
21117,TravelspanGT, 9T
21118,Not specified, 37
21121,Not specified, A0
21126,Not specified, 9N
21131,Not specified, VSA
21132,Not specified, 06Q
21134,Not specified, 0J
21136,Not specified, 07Q
21142,Avior Airlines, 9V
21147,Not specified, 0Q
21148,Master Top Linhas Aereas, Q4
21158,Global Jet Austria, IGA
21160,Global Jet Luxembourg, SVW
21161,Swift Air, 09Q
21167,Not specified, CP
21171,Not specified, VX
21177,Skybus Airlines, SX
21181,Skyservice Airlines, 5G
21186,Not specified, 0BQ
21192,Not specified, GJ
21196,Not specified, 0CQ
21201,Not specified, JI
21202,Not specified, CAZ
21205,Inter Island Airways, 0GQ
21212,Not specified, 0HQ
21217,Not specified, L3
21221,Not specified, XF
21226,Porter Airlines, PD
21231,Not specified, WG
21236,Not specified, 0JQ
21242,Mokulele Flight Services, MW
21247,Not specified, S6
21248,Metropix UK, 0LQ
21253,Multi-Aero, 0MQ
21258,Santa Barbara Airlines, S3
21261,Not specified, 9W
21262,Not specified, QR
21266,Not specified, Y8
21271,Not specified, HU
21281,Not specified, JAG
21287,Not specified, 0OQ
21294,Not specified, TRA
21302,Not specified, 7Q
21306,Not specified, FP
21308,Not specified, 0QQ
21309,Not specified, 0RQ
21312,Air Greco, WV
21317,Corporatejets, 0TQ
21323,Not specified, 5L
21326,Not specified, IJ
21331,Comlux Malta, 0UQ
21342,Aeroenlaces Nacionales, VB
21346,Not specified, 0VQ
21351,Not specified, Y4
21352,Not specified, 0WQ
21356,Not specified, JQ
21361,Not specified, AB
21366,Not specified, SE
21373,Not specified, BES
21376,Not specified, L7
21382,Not specified, 0YQ
21386,Not specified, X4
21395,Not specified, VA
21402,Prescott Support Company, PM
21406,Not specified, CRV
21407,Not specified, 10Q
21411,Not specified, 7I
21416,Not specified, LJ
21421,Not specified, PP
21423,Not specified, 12Q
21427,Not specified, 3S
21433,Not specified, IG
21434,Not specified, SS
21437,Not specified, 13Q
21438,Not specified, EXC
21439,Not specified, 14Q
21440,Not specified, 15Q
21447,Not specified, 17Q
21452,Not specified, BC
21463,Not specified, 4C
21467,Not specified, W3
21477,Not specified, 1AQ
21487,Not specified, RU
21492,Eastern Airlines f/k/a Dynamic Airways, 1BQ
21503,Not specified, 1DQ
21507,Not specified, 2K
21512,Travel Service, QS
21518,KaiserAir, 1EQ
21522,Not specified, 1FQ
21528,Not specified, VW
21532,Not specified, OF
21548,Not specified, 1HQ
21549,Not specified, 1IQ
21552,Not specified, TB
21557,Not specified, 3U
21562,Not specified, 1JQ
21567,Not specified, SN
21568,Not specified, VJT
21569,Not specified, LDM
21570,Not specified, 1SQ
21573,Not specified, 1LQ
21574,Not specified, R3
21577,Not specified, 1TQ
21578,Not specified, 4O
21579,Not specified, DY
21580,Not specified, C8
21582,Reeve Air Alaska, RVQ
21587,Not specified, EQ
21589,Not specified, 1MQ
21590,Not specified, 1UQ
21592,Not specified, 7C
21594,Not specified, I4
21596,Not specified, 1WQ
21597,Not specified, 1NQ
21598,Not specified, WW
21599,Not specified, 4B
21601,Not specified, 1XQ
21605,Not specified, G3
21607,Not specified, OJ
21608,Not specified, PS
21610,Not specified, RV
21611,Not specified, KV
21613,Not specified, 1PQ
21614,Not specified, 1QQ
21615,Air Charter, 1YQ
21618,Not specified, 1RQ
21623,Not specified, Q7
21624,Not specified, LS
21626,Not specified, B0
21629,Not specified, KD
21630,Not specified, 1ZQ
21631,Not specified, 20Q
21634,Not specified, KH
21635,Not specified, LF
21636,Not specified, 22Q
21638,Not specified, AD
21645,Not specified, 23Q
21646,Not specified, 24Q
21648,Not specified, GW
21649,Not specified, 25Q
21650,Not specified, EE
21651,Not specified, 26Q
21652,Jet Aviation Flight Services, 27Q
21653,Not specified, 28Q
21655,Not specified, 29Q
21656,Not specified, 2AQ
21657,Not specified, D7
21659,Not specified, BX
21660,Not specified, 2BQ
21667,Not specified, O6
21670,Not specified, VH
21672,Not specified, 8I
21673,J&M Alaska Air Tours, 2EQ
21674,Not specified, 3SD
21677,Not specified, 5J
21692,Not specified, J2
21693,Not specified, 2GQ
21694,Not specified, 7L
21697,Not specified, R2
21702,Not specified, WR
21707,Not specified, HX
21712,Not specified, 2HQ
21718,Not specified, 2JQ
21728,Not specified, EW
21733,Not specified, AAB
21735,Not specified, 2KQ
21738,Not specified, JU
21743,Not specified, 2LQ
21745,Not specified, 2NQ
21749,Not specified, 2OQ
21754,Not specified, 2PQ
21760,Not specified, 2RQ
21764,Not specified, 2TQ
21770,Xiamen Airlines Co., MF
21774,Air Philippines Corp d/b/a Airphil Express, 2P
21780,Not specified, P3
21781,Not specified, ZE
21785,Not specified, UO
21809,Maine Aviation Aircraft Charter, 0FQ
21814,Not specified, 2UQ
21820,Paklook Air, K2
21821,Not specified, JD
21823,Not specified, D8
21835,Public Charters, 30Q
21854,Polaris Aviation Solutions, 34Q
21860,Not specified, TR
21864,Aztec Worldwide Airlines, 35Q
21869,Not specified, 36Q
21875,Hillwood Airways, 37Q
21879,Not specified, 38Q
21889,Not specified, E9
21894,ADVANCED AIR, AN
21909,Maritime Helicopters, 3AQ
21919,Not specified, FYQ
21924,Not specified, DI
21934,Not specified, AG
21939,Not specified, PF
21944,Nealco Air Charter Services, 3BQ
21949,Not specified, KQ
21954,Not specified, GCQ
21959,Andrew Airways, 3CQ
21964,Rectrix Aviation, 3DQ
21969,Not specified, R0
21974,Scott Aviation, 3EQ
21979,Western Air Charter, 3FQ
21985,Not specified, QY
21995,Not specified, LXQ
22001,Vuela Aviacion, Q6
22002,Not specified, LV
22005,Aviateca, 3GQ
