time_id_pk,full_time,hour,time_of_the_day
0,00:00,0,night
1,00:01,0,night
2,00:02,0,night
3,00:03,0,night
4,00:04,0,night
5,00:05,0,night
6,00:06,0,night
7,00:07,0,night
8,00:08,0,night
9,00:09,0,night
10,00:10,0,night
11,00:11,0,night
12,00:12,0,night
13,00:13,0,night
14,00:14,0,night
15,00:15,0,night
16,00:16,0,night
17,00:17,0,night
18,00:18,0,night
19,00:19,0,night
20,00:20,0,night
21,00:21,0,night
22,00:22,0,night
23,00:23,0,night
24,00:24,0,night
25,00:25,0,night
26,00:26,0,night
27,00:27,0,night
28,00:28,0,night
29,00:29,0,night
30,00:30,0,night
31,00:31,0,night
32,00:32,0,night
33,00:33,0,night
34,00:34,0,night
35,00:35,0,night
36,00:36,0,night
37,00:37,0,night
38,00:38,0,night
39,00:39,0,night
40,00:40,0,night
41,00:41,0,night
42,00:42,0,night
43,00:43,0,night
44,00:44,0,night
45,00:45,0,night
46,00:46,0,night
47,00:47,0,night
48,00:48,0,night
49,00:49,0,night
50,00:50,0,night
51,00:51,0,night
52,00:52,0,night
53,00:53,0,night
54,00:54,0,night
55,00:55,0,night
56,00:56,0,night
57,00:57,0,night
58,00:58,0,night
59,00:59,0,night
60,01:00,1,night
61,01:01,1,night
62,01:02,1,night
63,01:03,1,night
64,01:04,1,night
65,01:05,1,night
66,01:06,1,night
67,01:07,1,night
68,01:08,1,night
69,01:09,1,night
70,01:10,1,night
71,01:11,1,night
72,01:12,1,night
73,01:13,1,night
74,01:14,1,night
75,01:15,1,night
76,01:16,1,night
77,01:17,1,night
78,01:18,1,night
79,01:19,1,night
80,01:20,1,night
81,01:21,1,night
82,01:22,1,night
83,01:23,1,night
84,01:24,1,night
85,01:25,1,night
86,01:26,1,night
87,01:27,1,night
88,01:28,1,night
89,01:29,1,night
90,01:30,1,night
91,01:31,1,night
92,01:32,1,night
93,01:33,1,night
94,01:34,1,night
95,01:35,1,night
96,01:36,1,night
97,01:37,1,night
98,01:38,1,night
99,01:39,1,night
100,01:40,1,night
101,01:41,1,night
102,01:42,1,night
103,01:43,1,night
104,01:44,1,night
105,01:45,1,night
106,01:46,1,night
107,01:47,1,night
108,01:48,1,night
109,01:49,1,night
110,01:50,1,night
111,01:51,1,night
112,01:52,1,night
113,01:53,1,night
114,01:54,1,night
115,01:55,1,night
116,01:56,1,night
117,01:57,1,night
118,01:58,1,night
119,01:59,1,night
120,02:00,2,night
121,02:01,2,night
122,02:02,2,night
123,02:03,2,night
124,02:04,2,night
125,02:05,2,night
126,02:06,2,night
127,02:07,2,night
128,02:08,2,night
129,02:09,2,night
130,02:10,2,night
131,02:11,2,night
132,02:12,2,night
133,02:13,2,night
134,02:14,2,night
135,02:15,2,night
136,02:16,2,night
137,02:17,2,night
138,02:18,2,night
139,02:19,2,night
140,02:20,2,night
141,02:21,2,night
142,02:22,2,night
143,02:23,2,night
144,02:24,2,night
145,02:25,2,night
146,02:26,2,night
147,02:27,2,night
148,02:28,2,night
149,02:29,2,night
150,02:30,2,night
151,02:31,2,night
152,02:32,2,night
153,02:33,2,night
154,02:34,2,night
155,02:35,2,night
156,02:36,2,night
157,02:37,2,night
158,02:38,2,night
159,02:39,2,night
160,02:40,2,night
161,02:41,2,night
162,02:42,2,night
163,02:43,2,night
164,02:44,2,night
165,02:45,2,night
166,02:46,2,night
167,02:47,2,night
168,02:48,2,night
169,02:49,2,night
170,02:50,2,night
171,02:51,2,night
172,02:52,2,night
173,02:53,2,night
174,02:54,2,night
175,02:55,2,night
176,02:56,2,night
177,02:57,2,night
178,02:58,2,night
179,02:59,2,night
180,03:00,3,night
181,03:01,3,night
182,03:02,3,night
183,03:03,3,night
184,03:04,3,night
185,03:05,3,night
186,03:06,3,night
187,03:07,3,night
188,03:08,3,night
189,03:09,3,night
190,03:10,3,night
191,03:11,3,night
192,03:12,3,night
193,03:13,3,night
194,03:14,3,night
195,03:15,3,night
196,03:16,3,night
197,03:17,3,night
198,03:18,3,night
199,03:19,3,night
200,03:20,3,night
201,03:21,3,night
202,03:22,3,night
203,03:23,3,night
204,03:24,3,night
205,03:25,3,night
206,03:26,3,night
207,03:27,3,night
208,03:28,3,night
209,03:29,3,night
210,03:30,3,night
211,03:31,3,night
212,03:32,3,night
213,03:33,3,night
214,03:34,3,night
215,03:35,3,night
216,03:36,3,night
217,03:37,3,night
218,03:38,3,night
219,03:39,3,night
220,03:40,3,night
221,03:41,3,night
222,03:42,3,night
223,03:43,3,night
224,03:44,3,night
225,03:45,3,night
226,03:46,3,night
227,03:47,3,night
228,03:48,3,night
229,03:49,3,night
230,03:50,3,night
231,03:51,3,night
232,03:52,3,night
233,03:53,3,night
234,03:54,3,night
235,03:55,3,night
236,03:56,3,night
237,03:57,3,night
238,03:58,3,night
239,03:59,3,night
240,04:00,4,night
241,04:01,4,night
242,04:02,4,night
243,04:03,4,night
244,04:04,4,night
245,04:05,4,night
246,04:06,4,night
247,04:07,4,night
248,04:08,4,night
249,04:09,4,night
250,04:10,4,night
251,04:11,4,night
252,04:12,4,night
253,04:13,4,night
254,04:14,4,night
255,04:15,4,night
256,04:16,4,night
257,04:17,4,night
258,04:18,4,night
259,04:19,4,night
260,04:20,4,night
261,04:21,4,night
262,04:22,4,night
263,04:23,4,night
264,04:24,4,night
265,04:25,4,night
266,04:26,4,night
267,04:27,4,night
268,04:28,4,night
269,04:29,4,night
270,04:30,4,night
271,04:31,4,night
272,04:32,4,night
273,04:33,4,night
274,04:34,4,night
275,04:35,4,night
276,04:36,4,night
277,04:37,4,night
278,04:38,4,night
279,04:39,4,night
280,04:40,4,night
281,04:41,4,night
282,04:42,4,night
283,04:43,4,night
284,04:44,4,night
285,04:45,4,night
286,04:46,4,night
287,04:47,4,night
288,04:48,4,night
289,04:49,4,night
290,04:50,4,night
291,04:51,4,night
292,04:52,4,night
293,04:53,4,night
294,04:54,4,night
295,04:55,4,night
296,04:56,4,night
297,04:57,4,night
298,04:58,4,night
299,04:59,4,night
300,05:00,5,night
301,05:01,5,night
302,05:02,5,night
303,05:03,5,night
304,05:04,5,night
305,05:05,5,night
306,05:06,5,night
307,05:07,5,night
308,05:08,5,night
309,05:09,5,night
310,05:10,5,night
311,05:11,5,night
312,05:12,5,night
313,05:13,5,night
314,05:14,5,night
315,05:15,5,night
316,05:16,5,night
317,05:17,5,night
318,05:18,5,night
319,05:19,5,night
320,05:20,5,night
321,05:21,5,night
322,05:22,5,night
323,05:23,5,night
324,05:24,5,night
325,05:25,5,night
326,05:26,5,night
327,05:27,5,night
328,05:28,5,night
329,05:29,5,night
330,05:30,5,night
331,05:31,5,night
332,05:32,5,night
333,05:33,5,night
334,05:34,5,night
335,05:35,5,night
336,05:36,5,night
337,05:37,5,night
338,05:38,5,night
339,05:39,5,night
340,05:40,5,night
341,05:41,5,night
342,05:42,5,night
343,05:43,5,night
344,05:44,5,night
345,05:45,5,night
346,05:46,5,night
347,05:47,5,night
348,05:48,5,night
349,05:49,5,night
350,05:50,5,night
351,05:51,5,night
352,05:52,5,night
353,05:53,5,night
354,05:54,5,night
355,05:55,5,night
356,05:56,5,night
357,05:57,5,night
358,05:58,5,night
359,05:59,5,night
360,06:00,6,morning
361,06:01,6,morning
362,06:02,6,morning
363,06:03,6,morning
364,06:04,6,morning
365,06:05,6,morning
366,06:06,6,morning
367,06:07,6,morning
368,06:08,6,morning
369,06:09,6,morning
370,06:10,6,morning
371,06:11,6,morning
372,06:12,6,morning
373,06:13,6,morning
374,06:14,6,morning
375,06:15,6,morning
376,06:16,6,morning
377,06:17,6,morning
378,06:18,6,morning
379,06:19,6,morning
380,06:20,6,morning
381,06:21,6,morning
382,06:22,6,morning
383,06:23,6,morning
384,06:24,6,morning
385,06:25,6,morning
386,06:26,6,morning
387,06:27,6,morning
388,06:28,6,morning
389,06:29,6,morning
390,06:30,6,morning
391,06:31,6,morning
392,06:32,6,morning
393,06:33,6,morning
394,06:34,6,morning
395,06:35,6,morning
396,06:36,6,morning
397,06:37,6,morning
398,06:38,6,morning
399,06:39,6,morning
400,06:40,6,morning
401,06:41,6,morning
402,06:42,6,morning
403,06:43,6,morning
404,06:44,6,morning
405,06:45,6,morning
406,06:46,6,morning
407,06:47,6,morning
408,06:48,6,morning
409,06:49,6,morning
410,06:50,6,morning
411,06:51,6,morning
412,06:52,6,morning
413,06:53,6,morning
414,06:54,6,morning
415,06:55,6,morning
416,06:56,6,morning
417,06:57,6,morning
418,06:58,6,morning
419,06:59,6,morning
420,07:00,7,morning
421,07:01,7,morning
422,07:02,7,morning
423,07:03,7,morning
424,07:04,7,morning
425,07:05,7,morning
426,07:06,7,morning
427,07:07,7,morning
428,07:08,7,morning
429,07:09,7,morning
430,07:10,7,morning
431,07:11,7,morning
432,07:12,7,morning
433,07:13,7,morning
434,07:14,7,morning
435,07:15,7,morning
436,07:16,7,morning
437,07:17,7,morning
438,07:18,7,morning
439,07:19,7,morning
440,07:20,7,morning
441,07:21,7,morning
442,07:22,7,morning
443,07:23,7,morning
444,07:24,7,morning
445,07:25,7,morning
446,07:26,7,morning
447,07:27,7,morning
448,07:28,7,morning
449,07:29,7,morning
450,07:30,7,morning
451,07:31,7,morning
452,07:32,7,morning
453,07:33,7,morning
454,07:34,7,morning
455,07:35,7,morning
456,07:36,7,morning
457,07:37,7,morning
458,07:38,7,morning
459,07:39,7,morning
460,07:40,7,morning
461,07:41,7,morning
462,07:42,7,morning
463,07:43,7,morning
464,07:44,7,morning
465,07:45,7,morning
466,07:46,7,morning
467,07:47,7,morning
468,07:48,7,morning
469,07:49,7,morning
470,07:50,7,morning
471,07:51,7,morning
472,07:52,7,morning
473,07:53,7,morning
474,07:54,7,morning
475,07:55,7,morning
476,07:56,7,morning
477,07:57,7,morning
478,07:58,7,morning
479,07:59,7,morning
480,08:00,8,morning
481,08:01,8,morning
482,08:02,8,morning
483,08:03,8,morning
484,08:04,8,morning
485,08:05,8,morning
486,08:06,8,morning
487,08:07,8,morning
488,08:08,8,morning
489,08:09,8,morning
490,08:10,8,morning
491,08:11,8,morning
492,08:12,8,morning
493,08:13,8,morning
494,08:14,8,morning
495,08:15,8,morning
496,08:16,8,morning
497,08:17,8,morning
498,08:18,8,morning
499,08:19,8,morning
500,08:20,8,morning
501,08:21,8,morning
502,08:22,8,morning
503,08:23,8,morning
504,08:24,8,morning
505,08:25,8,morning
506,08:26,8,morning
507,08:27,8,morning
508,08:28,8,morning
509,08:29,8,morning
510,08:30,8,morning
511,08:31,8,morning
512,08:32,8,morning
513,08:33,8,morning
514,08:34,8,morning
515,08:35,8,morning
516,08:36,8,morning
517,08:37,8,morning
518,08:38,8,morning
519,08:39,8,morning
520,08:40,8,morning
521,08:41,8,morning
522,08:42,8,morning
523,08:43,8,morning
524,08:44,8,morning
525,08:45,8,morning
526,08:46,8,morning
527,08:47,8,morning
528,08:48,8,morning
529,08:49,8,morning
530,08:50,8,morning
531,08:51,8,morning
532,08:52,8,morning
533,08:53,8,morning
534,08:54,8,morning
535,08:55,8,morning
536,08:56,8,morning
537,08:57,8,morning
538,08:58,8,morning
539,08:59,8,morning
540,09:00,9,morning
541,09:01,9,morning
542,09:02,9,morning
543,09:03,9,morning
544,09:04,9,morning
545,09:05,9,morning
546,09:06,9,morning
547,09:07,9,morning
548,09:08,9,morning
549,09:09,9,morning
550,09:10,9,morning
551,09:11,9,morning
552,09:12,9,morning
553,09:13,9,morning
554,09:14,9,morning
555,09:15,9,morning
556,09:16,9,morning
557,09:17,9,morning
558,09:18,9,morning
559,09:19,9,morning
560,09:20,9,morning
561,09:21,9,morning
562,09:22,9,morning
563,09:23,9,morning
564,09:24,9,morning
565,09:25,9,morning
566,09:26,9,morning
567,09:27,9,morning
568,09:28,9,morning
569,09:29,9,morning
570,09:30,9,morning
571,09:31,9,morning
572,09:32,9,morning
573,09:33,9,morning
574,09:34,9,morning
575,09:35,9,morning
576,09:36,9,morning
577,09:37,9,morning
578,09:38,9,morning
579,09:39,9,morning
580,09:40,9,morning
581,09:41,9,morning
582,09:42,9,morning
583,09:43,9,morning
584,09:44,9,morning
585,09:45,9,morning
586,09:46,9,morning
587,09:47,9,morning
588,09:48,9,morning
589,09:49,9,morning
590,09:50,9,morning
591,09:51,9,morning
592,09:52,9,morning
593,09:53,9,morning
594,09:54,9,morning
595,09:55,9,morning
596,09:56,9,morning
597,09:57,9,morning
598,09:58,9,morning
599,09:59,9,morning
600,10:00,10,morning
601,10:01,10,morning
602,10:02,10,morning
603,10:03,10,morning
604,10:04,10,morning
605,10:05,10,morning
606,10:06,10,morning
607,10:07,10,morning
608,10:08,10,morning
609,10:09,10,morning
610,10:10,10,morning
611,10:11,10,morning
612,10:12,10,morning
613,10:13,10,morning
614,10:14,10,morning
615,10:15,10,morning
616,10:16,10,morning
617,10:17,10,morning
618,10:18,10,morning
619,10:19,10,morning
620,10:20,10,morning
621,10:21,10,morning
622,10:22,10,morning
623,10:23,10,morning
624,10:24,10,morning
625,10:25,10,morning
626,10:26,10,morning
627,10:27,10,morning
628,10:28,10,morning
629,10:29,10,morning
630,10:30,10,morning
631,10:31,10,morning
632,10:32,10,morning
633,10:33,10,morning
634,10:34,10,morning
635,10:35,10,morning
636,10:36,10,morning
637,10:37,10,morning
638,10:38,10,morning
639,10:39,10,morning
640,10:40,10,morning
641,10:41,10,morning
642,10:42,10,morning
643,10:43,10,morning
644,10:44,10,morning
645,10:45,10,morning
646,10:46,10,morning
647,10:47,10,morning
648,10:48,10,morning
649,10:49,10,morning
650,10:50,10,morning
651,10:51,10,morning
652,10:52,10,morning
653,10:53,10,morning
654,10:54,10,morning
655,10:55,10,morning
656,10:56,10,morning
657,10:57,10,morning
658,10:58,10,morning
659,10:59,10,morning
660,11:00,11,morning
661,11:01,11,morning
662,11:02,11,morning
663,11:03,11,morning
664,11:04,11,morning
665,11:05,11,morning
666,11:06,11,morning
667,11:07,11,morning
668,11:08,11,morning
669,11:09,11,morning
670,11:10,11,morning
671,11:11,11,morning
672,11:12,11,morning
673,11:13,11,morning
674,11:14,11,morning
675,11:15,11,morning
676,11:16,11,morning
677,11:17,11,morning
678,11:18,11,morning
679,11:19,11,morning
680,11:20,11,morning
681,11:21,11,morning
682,11:22,11,morning
683,11:23,11,morning
684,11:24,11,morning
685,11:25,11,morning
686,11:26,11,morning
687,11:27,11,morning
688,11:28,11,morning
689,11:29,11,morning
690,11:30,11,morning
691,11:31,11,morning
692,11:32,11,morning
693,11:33,11,morning
694,11:34,11,morning
695,11:35,11,morning
696,11:36,11,morning
697,11:37,11,morning
698,11:38,11,morning
699,11:39,11,morning
700,11:40,11,morning
701,11:41,11,morning
702,11:42,11,morning
703,11:43,11,morning
704,11:44,11,morning
705,11:45,11,morning
706,11:46,11,morning
707,11:47,11,morning
708,11:48,11,morning
709,11:49,11,morning
710,11:50,11,morning
711,11:51,11,morning
712,11:52,11,morning
713,11:53,11,morning
714,11:54,11,morning
715,11:55,11,morning
716,11:56,11,morning
717,11:57,11,morning
718,11:58,11,morning
719,11:59,11,morning
720,12:00,12,afternoon
721,12:01,12,afternoon
722,12:02,12,afternoon
723,12:03,12,afternoon
724,12:04,12,afternoon
725,12:05,12,afternoon
726,12:06,12,afternoon
727,12:07,12,afternoon
728,12:08,12,afternoon
729,12:09,12,afternoon
730,12:10,12,afternoon
731,12:11,12,afternoon
732,12:12,12,afternoon
733,12:13,12,afternoon
734,12:14,12,afternoon
735,12:15,12,afternoon
736,12:16,12,afternoon
737,12:17,12,afternoon
738,12:18,12,afternoon
739,12:19,12,afternoon
740,12:20,12,afternoon
741,12:21,12,afternoon
742,12:22,12,afternoon
743,12:23,12,afternoon
744,12:24,12,afternoon
745,12:25,12,afternoon
746,12:26,12,afternoon
747,12:27,12,afternoon
748,12:28,12,afternoon
749,12:29,12,afternoon
750,12:30,12,afternoon
751,12:31,12,afternoon
752,12:32,12,afternoon
753,12:33,12,afternoon
754,12:34,12,afternoon
755,12:35,12,afternoon
756,12:36,12,afternoon
757,12:37,12,afternoon
758,12:38,12,afternoon
759,12:39,12,afternoon
760,12:40,12,afternoon
761,12:41,12,afternoon
762,12:42,12,afternoon
763,12:43,12,afternoon
764,12:44,12,afternoon
765,12:45,12,afternoon
766,12:46,12,afternoon
767,12:47,12,afternoon
768,12:48,12,afternoon
769,12:49,12,afternoon
770,12:50,12,afternoon
771,12:51,12,afternoon
772,12:52,12,afternoon
773,12:53,12,afternoon
774,12:54,12,afternoon
775,12:55,12,afternoon
776,12:56,12,afternoon
777,12:57,12,afternoon
778,12:58,12,afternoon
779,12:59,12,afternoon
780,13:00,13,afternoon
781,13:01,13,afternoon
782,13:02,13,afternoon
783,13:03,13,afternoon
784,13:04,13,afternoon
785,13:05,13,afternoon
786,13:06,13,afternoon
787,13:07,13,afternoon
788,13:08,13,afternoon
789,13:09,13,afternoon
790,13:10,13,afternoon
791,13:11,13,afternoon
792,13:12,13,afternoon
793,13:13,13,afternoon
794,13:14,13,afternoon
795,13:15,13,afternoon
796,13:16,13,afternoon
797,13:17,13,afternoon
798,13:18,13,afternoon
799,13:19,13,afternoon
800,13:20,13,afternoon
801,13:21,13,afternoon
802,13:22,13,afternoon
803,13:23,13,afternoon
804,13:24,13,afternoon
805,13:25,13,afternoon
806,13:26,13,afternoon
807,13:27,13,afternoon
808,13:28,13,afternoon
809,13:29,13,afternoon
810,13:30,13,afternoon
811,13:31,13,afternoon
812,13:32,13,afternoon
813,13:33,13,afternoon
814,13:34,13,afternoon
815,13:35,13,afternoon
816,13:36,13,afternoon
817,13:37,13,afternoon
818,13:38,13,afternoon
819,13:39,13,afternoon
820,13:40,13,afternoon
821,13:41,13,afternoon
822,13:42,13,afternoon
823,13:43,13,afternoon
824,13:44,13,afternoon
825,13:45,13,afternoon
826,13:46,13,afternoon
827,13:47,13,afternoon
828,13:48,13,afternoon
829,13:49,13,afternoon
830,13:50,13,afternoon
831,13:51,13,afternoon
832,13:52,13,afternoon
833,13:53,13,afternoon
834,13:54,13,afternoon
835,13:55,13,afternoon
836,13:56,13,afternoon
837,13:57,13,afternoon
838,13:58,13,afternoon
839,13:59,13,afternoon
840,14:00,14,afternoon
841,14:01,14,afternoon
842,14:02,14,afternoon
843,14:03,14,afternoon
844,14:04,14,afternoon
845,14:05,14,afternoon
846,14:06,14,afternoon
847,14:07,14,afternoon
848,14:08,14,afternoon
849,14:09,14,afternoon
850,14:10,14,afternoon
851,14:11,14,afternoon
852,14:12,14,afternoon
853,14:13,14,afternoon
854,14:14,14,afternoon
855,14:15,14,afternoon
856,14:16,14,afternoon
857,14:17,14,afternoon
858,14:18,14,afternoon
859,14:19,14,afternoon
860,14:20,14,afternoon
861,14:21,14,afternoon
862,14:22,14,afternoon
863,14:23,14,afternoon
864,14:24,14,afternoon
865,14:25,14,afternoon
866,14:26,14,afternoon
867,14:27,14,afternoon
868,14:28,14,afternoon
869,14:29,14,afternoon
870,14:30,14,afternoon
871,14:31,14,afternoon
872,14:32,14,afternoon
873,14:33,14,afternoon
874,14:34,14,afternoon
875,14:35,14,afternoon
876,14:36,14,afternoon
877,14:37,14,afternoon
878,14:38,14,afternoon
879,14:39,14,afternoon
880,14:40,14,afternoon
881,14:41,14,afternoon
882,14:42,14,afternoon
883,14:43,14,afternoon
884,14:44,14,afternoon
885,14:45,14,afternoon
886,14:46,14,afternoon
887,14:47,14,afternoon
888,14:48,14,afternoon
889,14:49,14,afternoon
890,14:50,14,afternoon
891,14:51,14,afternoon
892,14:52,14,afternoon
893,14:53,14,afternoon
894,14:54,14,afternoon
895,14:55,14,afternoon
896,14:56,14,afternoon
897,14:57,14,afternoon
898,14:58,14,afternoon
899,14:59,14,afternoon
900,15:00,15,afternoon
901,15:01,15,afternoon
902,15:02,15,afternoon
903,15:03,15,afternoon
904,15:04,15,afternoon
905,15:05,15,afternoon
906,15:06,15,afternoon
907,15:07,15,afternoon
908,15:08,15,afternoon
909,15:09,15,afternoon
910,15:10,15,afternoon
911,15:11,15,afternoon
912,15:12,15,afternoon
913,15:13,15,afternoon
914,15:14,15,afternoon
915,15:15,15,afternoon
916,15:16,15,afternoon
917,15:17,15,afternoon
918,15:18,15,afternoon
919,15:19,15,afternoon
920,15:20,15,afternoon
921,15:21,15,afternoon
922,15:22,15,afternoon
923,15:23,15,afternoon
924,15:24,15,afternoon
925,15:25,15,afternoon
926,15:26,15,afternoon
927,15:27,15,afternoon
928,15:28,15,afternoon
929,15:29,15,afternoon
930,15:30,15,afternoon
931,15:31,15,afternoon
932,15:32,15,afternoon
933,15:33,15,afternoon
934,15:34,15,afternoon
935,15:35,15,afternoon
936,15:36,15,afternoon
937,15:37,15,afternoon
938,15:38,15,afternoon
939,15:39,15,afternoon
940,15:40,15,afternoon
941,15:41,15,afternoon
942,15:42,15,afternoon
943,15:43,15,afternoon
944,15:44,15,afternoon
945,15:45,15,afternoon
946,15:46,15,afternoon
947,15:47,15,afternoon
948,15:48,15,afternoon
949,15:49,15,afternoon
950,15:50,15,afternoon
951,15:51,15,afternoon
952,15:52,15,afternoon
953,15:53,15,afternoon
954,15:54,15,afternoon
955,15:55,15,afternoon
956,15:56,15,afternoon
957,15:57,15,afternoon
958,15:58,15,afternoon
959,15:59,15,afternoon
960,16:00,16,afternoon
961,16:01,16,afternoon
962,16:02,16,afternoon
963,16:03,16,afternoon
964,16:04,16,afternoon
965,16:05,16,afternoon
966,16:06,16,afternoon
967,16:07,16,afternoon
968,16:08,16,afternoon
969,16:09,16,afternoon
970,16:10,16,afternoon
971,16:11,16,afternoon
972,16:12,16,afternoon
973,16:13,16,afternoon
974,16:14,16,afternoon
975,16:15,16,afternoon
976,16:16,16,afternoon
977,16:17,16,afternoon
978,16:18,16,afternoon
979,16:19,16,afternoon
980,16:20,16,afternoon
981,16:21,16,afternoon
982,16:22,16,afternoon
983,16:23,16,afternoon
984,16:24,16,afternoon
985,16:25,16,afternoon
986,16:26,16,afternoon
987,16:27,16,afternoon
988,16:28,16,afternoon
989,16:29,16,afternoon
990,16:30,16,afternoon
991,16:31,16,afternoon
992,16:32,16,afternoon
993,16:33,16,afternoon
994,16:34,16,afternoon
995,16:35,16,afternoon
996,16:36,16,afternoon
997,16:37,16,afternoon
998,16:38,16,afternoon
999,16:39,16,afternoon
1000,16:40,16,afternoon
1001,16:41,16,afternoon
1002,16:42,16,afternoon
1003,16:43,16,afternoon
1004,16:44,16,afternoon
1005,16:45,16,afternoon
1006,16:46,16,afternoon
1007,16:47,16,afternoon
1008,16:48,16,afternoon
1009,16:49,16,afternoon
1010,16:50,16,afternoon
1011,16:51,16,afternoon
1012,16:52,16,afternoon
1013,16:53,16,afternoon
1014,16:54,16,afternoon
1015,16:55,16,afternoon
1016,16:56,16,afternoon
1017,16:57,16,afternoon
1018,16:58,16,afternoon
1019,16:59,16,afternoon
1020,17:00,17,afternoon
1021,17:01,17,afternoon
1022,17:02,17,afternoon
1023,17:03,17,afternoon
1024,17:04,17,afternoon
1025,17:05,17,afternoon
1026,17:06,17,afternoon
1027,17:07,17,afternoon
1028,17:08,17,afternoon
1029,17:09,17,afternoon
1030,17:10,17,afternoon
1031,17:11,17,afternoon
1032,17:12,17,afternoon
1033,17:13,17,afternoon
1034,17:14,17,afternoon
1035,17:15,17,afternoon
1036,17:16,17,afternoon
1037,17:17,17,afternoon
1038,17:18,17,afternoon
1039,17:19,17,afternoon
1040,17:20,17,afternoon
1041,17:21,17,afternoon
1042,17:22,17,afternoon
1043,17:23,17,afternoon
1044,17:24,17,afternoon
1045,17:25,17,afternoon
1046,17:26,17,afternoon
1047,17:27,17,afternoon
1048,17:28,17,afternoon
1049,17:29,17,afternoon
1050,17:30,17,afternoon
1051,17:31,17,afternoon
1052,17:32,17,afternoon
1053,17:33,17,afternoon
1054,17:34,17,afternoon
1055,17:35,17,afternoon
1056,17:36,17,afternoon
1057,17:37,17,afternoon
1058,17:38,17,afternoon
1059,17:39,17,afternoon
1060,17:40,17,afternoon
1061,17:41,17,afternoon
1062,17:42,17,afternoon
1063,17:43,17,afternoon
1064,17:44,17,afternoon
1065,17:45,17,afternoon
1066,17:46,17,afternoon
1067,17:47,17,afternoon
1068,17:48,17,afternoon
1069,17:49,17,afternoon
1070,17:50,17,afternoon
1071,17:51,17,afternoon
1072,17:52,17,afternoon
1073,17:53,17,afternoon
1074,17:54,17,afternoon
1075,17:55,17,afternoon
1076,17:56,17,afternoon
1077,17:57,17,afternoon
1078,17:58,17,afternoon
1079,17:59,17,afternoon
1080,18:00,18,evening
1081,18:01,18,evening
1082,18:02,18,evening
1083,18:03,18,evening
1084,18:04,18,evening
1085,18:05,18,evening
1086,18:06,18,evening
1087,18:07,18,evening
1088,18:08,18,evening
1089,18:09,18,evening
1090,18:10,18,evening
1091,18:11,18,evening
1092,18:12,18,evening
1093,18:13,18,evening
1094,18:14,18,evening
1095,18:15,18,evening
1096,18:16,18,evening
1097,18:17,18,evening
1098,18:18,18,evening
1099,18:19,18,evening
1100,18:20,18,evening
1101,18:21,18,evening
1102,18:22,18,evening
1103,18:23,18,evening
1104,18:24,18,evening
1105,18:25,18,evening
1106,18:26,18,evening
1107,18:27,18,evening
1108,18:28,18,evening
1109,18:29,18,evening
1110,18:30,18,evening
1111,18:31,18,evening
1112,18:32,18,evening
1113,18:33,18,evening
1114,18:34,18,evening
1115,18:35,18,evening
1116,18:36,18,evening
1117,18:37,18,evening
1118,18:38,18,evening
1119,18:39,18,evening
1120,18:40,18,evening
1121,18:41,18,evening
1122,18:42,18,evening
1123,18:43,18,evening
1124,18:44,18,evening
1125,18:45,18,evening
1126,18:46,18,evening
1127,18:47,18,evening
1128,18:48,18,evening
1129,18:49,18,evening
1130,18:50,18,evening
1131,18:51,18,evening
1132,18:52,18,evening
1133,18:53,18,evening
1134,18:54,18,evening
1135,18:55,18,evening
1136,18:56,18,evening
1137,18:57,18,evening
1138,18:58,18,evening
1139,18:59,18,evening
1140,19:00,19,evening
1141,19:01,19,evening
1142,19:02,19,evening
1143,19:03,19,evening
1144,19:04,19,evening
1145,19:05,19,evening
1146,19:06,19,evening
1147,19:07,19,evening
1148,19:08,19,evening
1149,19:09,19,evening
1150,19:10,19,evening
1151,19:11,19,evening
1152,19:12,19,evening
1153,19:13,19,evening
1154,19:14,19,evening
1155,19:15,19,evening
1156,19:16,19,evening
1157,19:17,19,evening
1158,19:18,19,evening
1159,19:19,19,evening
1160,19:20,19,evening
1161,19:21,19,evening
1162,19:22,19,evening
1163,19:23,19,evening
1164,19:24,19,evening
1165,19:25,19,evening
1166,19:26,19,evening
1167,19:27,19,evening
1168,19:28,19,evening
1169,19:29,19,evening
1170,19:30,19,evening
1171,19:31,19,evening
1172,19:32,19,evening
1173,19:33,19,evening
1174,19:34,19,evening
1175,19:35,19,evening
1176,19:36,19,evening
1177,19:37,19,evening
1178,19:38,19,evening
1179,19:39,19,evening
1180,19:40,19,evening
1181,19:41,19,evening
1182,19:42,19,evening
1183,19:43,19,evening
1184,19:44,19,evening
1185,19:45,19,evening
1186,19:46,19,evening
1187,19:47,19,evening
1188,19:48,19,evening
1189,19:49,19,evening
1190,19:50,19,evening
1191,19:51,19,evening
1192,19:52,19,evening
1193,19:53,19,evening
1194,19:54,19,evening
1195,19:55,19,evening
1196,19:56,19,evening
1197,19:57,19,evening
1198,19:58,19,evening
1199,19:59,19,evening
1200,20:00,20,evening
1201,20:01,20,evening
1202,20:02,20,evening
1203,20:03,20,evening
1204,20:04,20,evening
1205,20:05,20,evening
1206,20:06,20,evening
1207,20:07,20,evening
1208,20:08,20,evening
1209,20:09,20,evening
1210,20:10,20,evening
1211,20:11,20,evening
1212,20:12,20,evening
1213,20:13,20,evening
1214,20:14,20,evening
1215,20:15,20,evening
1216,20:16,20,evening
1217,20:17,20,evening
1218,20:18,20,evening
1219,20:19,20,evening
1220,20:20,20,evening
1221,20:21,20,evening
1222,20:22,20,evening
1223,20:23,20,evening
1224,20:24,20,evening
1225,20:25,20,evening
1226,20:26,20,evening
1227,20:27,20,evening
1228,20:28,20,evening
1229,20:29,20,evening
1230,20:30,20,evening
1231,20:31,20,evening
1232,20:32,20,evening
1233,20:33,20,evening
1234,20:34,20,evening
1235,20:35,20,evening
1236,20:36,20,evening
1237,20:37,20,evening
1238,20:38,20,evening
1239,20:39,20,evening
1240,20:40,20,evening
1241,20:41,20,evening
1242,20:42,20,evening
1243,20:43,20,evening
1244,20:44,20,evening
1245,20:45,20,evening
1246,20:46,20,evening
1247,20:47,20,evening
1248,20:48,20,evening
1249,20:49,20,evening
1250,20:50,20,evening
1251,20:51,20,evening
1252,20:52,20,evening
1253,20:53,20,evening
1254,20:54,20,evening
1255,20:55,20,evening
1256,20:56,20,evening
1257,20:57,20,evening
1258,20:58,20,evening
1259,20:59,20,evening
1260,21:00,21,evening
1261,21:01,21,evening
1262,21:02,21,evening
1263,21:03,21,evening
1264,21:04,21,evening
1265,21:05,21,evening
1266,21:06,21,evening
1267,21:07,21,evening
1268,21:08,21,evening
1269,21:09,21,evening
1270,21:10,21,evening
1271,21:11,21,evening
1272,21:12,21,evening
1273,21:13,21,evening
1274,21:14,21,evening
1275,21:15,21,evening
1276,21:16,21,evening
1277,21:17,21,evening
1278,21:18,21,evening
1279,21:19,21,evening
1280,21:20,21,evening
1281,21:21,21,evening
1282,21:22,21,evening
1283,21:23,21,evening
1284,21:24,21,evening
1285,21:25,21,evening
1286,21:26,21,evening
1287,21:27,21,evening
1288,21:28,21,evening
1289,21:29,21,evening
1290,21:30,21,evening
1291,21:31,21,evening
1292,21:32,21,evening
1293,21:33,21,evening
1294,21:34,21,evening
1295,21:35,21,evening
1296,21:36,21,evening
1297,21:37,21,evening
1298,21:38,21,evening
1299,21:39,21,evening
1300,21:40,21,evening
1301,21:41,21,evening
1302,21:42,21,evening
1303,21:43,21,evening
1304,21:44,21,evening
1305,21:45,21,evening
1306,21:46,21,evening
1307,21:47,21,evening
1308,21:48,21,evening
1309,21:49,21,evening
1310,21:50,21,evening
1311,21:51,21,evening
1312,21:52,21,evening
1313,21:53,21,evening
1314,21:54,21,evening
1315,21:55,21,evening
1316,21:56,21,evening
1317,21:57,21,evening
1318,21:58,21,evening
1319,21:59,21,evening
1320,22:00,22,night
1321,22:01,22,night
1322,22:02,22,night
1323,22:03,22,night
1324,22:04,22,night
1325,22:05,22,night
1326,22:06,22,night
1327,22:07,22,night
1328,22:08,22,night
1329,22:09,22,night
1330,22:10,22,night
1331,22:11,22,night
1332,22:12,22,night
1333,22:13,22,night
1334,22:14,22,night
1335,22:15,22,night
1336,22:16,22,night
1337,22:17,22,night
1338,22:18,22,night
1339,22:19,22,night
1340,22:20,22,night
1341,22:21,22,night
1342,22:22,22,night
1343,22:23,22,night
1344,22:24,22,night
1345,22:25,22,night
1346,22:26,22,night
1347,22:27,22,night
1348,22:28,22,night
1349,22:29,22,night
1350,22:30,22,night
1351,22:31,22,night
1352,22:32,22,night
1353,22:33,22,night
1354,22:34,22,night
1355,22:35,22,night
1356,22:36,22,night
1357,22:37,22,night
1358,22:38,22,night
1359,22:39,22,night
1360,22:40,22,night
1361,22:41,22,night
1362,22:42,22,night
1363,22:43,22,night
1364,22:44,22,night
1365,22:45,22,night
1366,22:46,22,night
1367,22:47,22,night
1368,22:48,22,night
1369,22:49,22,night
1370,22:50,22,night
1371,22:51,22,night
1372,22:52,22,night
1373,22:53,22,night
1374,22:54,22,night
1375,22:55,22,night
1376,22:56,22,night
1377,22:57,22,night
1378,22:58,22,night
1379,22:59,22,night
1380,23:00,23,night
1381,23:01,23,night
1382,23:02,23,night
1383,23:03,23,night
1384,23:04,23,night
1385,23:05,23,night
1386,23:06,23,night
1387,23:07,23,night
1388,23:08,23,night
1389,23:09,23,night
1390,23:10,23,night
1391,23:11,23,night
1392,23:12,23,night
1393,23:13,23,night
1394,23:14,23,night
1395,23:15,23,night
1396,23:16,23,night
1397,23:17,23,night
1398,23:18,23,night
1399,23:19,23,night
1400,23:20,23,night
1401,23:21,23,night
1402,23:22,23,night
1403,23:23,23,night
1404,23:24,23,night
1405,23:25,23,night
1406,23:26,23,night
1407,23:27,23,night
1408,23:28,23,night
1409,23:29,23,night
1410,23:30,23,night
1411,23:31,23,night
1412,23:32,23,night
1413,23:33,23,night
1414,23:34,23,night
1415,23:35,23,night
1416,23:36,23,night
1417,23:37,23,night
1418,23:38,23,night
1419,23:39,23,night
1420,23:40,23,night
1421,23:41,23,night
1422,23:42,23,night
1423,23:43,23,night
1424,23:44,23,night
1425,23:45,23,night
1426,23:46,23,night
1427,23:47,23,night
1428,23:48,23,night
1429,23:49,23,night
1430,23:50,23,night
1431,23:51,23,night
1432,23:52,23,night
1433,23:53,23,night
1434,23:54,23,night
1435,23:55,23,night
1436,23:56,23,night
1437,23:57,23,night
1438,23:58,23,night
1439,23:59,23,night
